"Model","AIC","BIC"
"ARIMA",70.3690648393211,83.7332090116306
"ARIMAX",69.2914154325508,93.3468749427079
"SARIMA",41.1280952162728,59.8378970575062
"SARIMAX",47.7613945643878,69.1440252400831
