"Regressor","VIF"
"Air_Frost",4.63599190231161
"GDP",1.04375510589349
"Mean_Temp",4.87529102482544
"Rainfall",1.16258088196328
